{
	"class" : {
		 },
	"instance" : {
		"emitLoad:asBooleanValueFrom:on:" : "acg 9/17/1999 01:43",
		"emitLoad:asCharPtrFrom:on:" : "acg 9/17/1999 01:43",
		"emitLoad:asFloatPtrFrom:on:" : "acg 9/17/1999 01:43",
		"emitLoad:asFloatValueFrom:on:" : "acg 9/17/1999 01:43",
		"emitLoad:asIntPtrFrom:on:" : "acg 9/17/1999 01:43",
		"emitLoad:asIntegerValueFrom:on:" : "acg 9/17/1999 01:43",
		"emitLoad:asKindOf:from:on:" : "acg 9/17/1999 01:42",
		"emitLoad:asMemberOf:from:on:" : "bf 3/16/2000 19:20",
		"emitLoad:asNakedOopFrom:on:" : "acg 9/18/1999 14:23",
		"emitLoad:asNonIntegerValueFrom:on:" : "acg 9/17/1999 01:44",
		"emitLoad:asUnsignedValueFrom:on:" : "acg 9/17/1999 01:44",
		"generateAsBooleanObj:on:indent:" : "acg 9/15/1999 22:08",
		"generateAsCBoolean:on:indent:" : "acg 9/15/1999 22:09",
		"generateAsCDouble:on:indent:" : "acg 9/15/1999 22:09",
		"generateAsCInt:on:indent:" : "acg 9/15/1999 21:53",
		"generateAsCUnsigned:on:indent:" : "acg 9/15/1999 22:09",
		"generateAsCharPtr:on:indent:" : "acg 9/15/1999 22:10",
		"generateAsFloatObj:on:indent:" : "acg 9/15/1999 22:10",
		"generateAsIfVar:on:indent:" : "TPR 2/25/2000 16:21",
		"generateAsIfVarAsValue:on:indent:" : "TPR 2/25/2000 16:41",
		"generateAsIfVarPut:on:indent:" : "TPR 2/25/2000 16:41",
		"generateAsIntPtr:on:indent:" : "acg 9/15/1999 22:10",
		"generateAsOop:on:indent:" : "acg 12/17/1999 07:23",
		"generateAsPositiveIntegerObj:on:indent:" : "bf 10/6/2014 10:52",
		"generateAsSmallIntegerObj:on:indent:" : "bf 10/1/2014 17:46",
		"generateAsValue:on:indent:" : "acg 12/17/1999 07:22",
		"generateCPtrAsOop:on:indent:" : "dtl 5/19/2010 21:35",
		"generateClass:on:indent:" : "acg 9/15/1999 22:11",
		"generateCoerceToBooleanObjectFrom:on:" : "bf 10/3/2014 00:34",
		"generateCoerceToBooleanValueFrom:on:" : "bf 10/3/2014 00:04",
		"generateCoerceToFloatObjectFrom:on:" : "bf 10/3/2014 00:04",
		"generateCoerceToFloatValueFrom:on:" : "bf 10/3/2014 00:04",
		"generateCoerceToObjectFromPtr:on:" : "bf 10/3/2014 00:05",
		"generateCoerceToPtr:fromObject:on:" : "bf 10/3/2014 00:05",
		"generateCoerceToSmallIntegerObjectFrom:on:" : "bf 10/3/2014 00:00",
		"generateCoerceToSmallIntegerValueFrom:on:" : "bf 10/3/2014 00:00",
		"generateCoerceToUnsignedObjectFrom:on:" : "bf 10/3/2014 00:05",
		"generateCoerceToUnsignedValueFrom:on:" : "bf 10/3/2014 00:05",
		"generateDebugCode" : "sr 4/8/2000 00:52",
		"generateDebugCode:" : "sr 4/8/2000 00:52",
		"generateDebugCode:on:indent:" : "bf 10/1/2014 13:32",
		"generateField:on:indent:" : "acg 9/15/1999 22:11",
		"generateFieldPut:on:indent:" : "acg 9/15/1999 23:40",
		"generateFromStack:on:indent:" : "acg 9/16/1999 08:02",
		"generateIsBytes:on:indent:" : "acg 9/19/1999 20:50",
		"generateIsFloat:on:indent:" : "acg 9/19/1999 20:50",
		"generateIsIndexable:on:indent:" : "acg 9/19/1999 20:49",
		"generateIsInteger:on:indent:" : "acg 9/19/1999 20:49",
		"generateIsIntegerOop:on:indent:" : "acg 9/15/1999 22:13",
		"generateIsIntegerValue:on:indent:" : "acg 9/15/1999 22:13",
		"generateIsKindOf:on:indent:" : "bf 10/3/2014 00:18",
		"generateIsMemberOf:on:indent:" : "acg 9/15/1999 22:20",
		"generateIsPointers:on:indent:" : "acg 9/15/1999 22:14",
		"generateIsWords:on:indent:" : "acg 9/15/1999 22:14",
		"generateNext:on:indent:" : "acg 9/19/1999 01:56",
		"generateRemapOopIn:on:indent:" : "bf 10/1/2014 15:40",
		"generateStAt:on:indent:" : "acg 9/15/1999 22:15",
		"generateStAtPut:on:indent:" : "bf 10/1/2014 18:02",
		"generateStSize:on:indent:" : "acg 1/1/2000 22:41",
		"initialize" : "bf 10/3/2014 01:27",
		"initializeJSTranslationDictionary" : "bf 11/12/2014 15:16",
		"jscgLoad:expr:asBooleanValueFrom:" : "acg 12/17/1999 07:32",
		"jscgLoad:expr:asCharPtrFrom:" : "acg 12/17/1999 07:29",
		"jscgLoad:expr:asCharPtrFrom:andThen:" : "acg 12/17/1999 07:29",
		"jscgLoad:expr:asFloatValueFrom:" : "acg 12/17/1999 07:29",
		"jscgLoad:expr:asIntPtrFrom:" : "acg 12/17/1999 07:29",
		"jscgLoad:expr:asIntPtrFrom:andThen:" : "acg 12/17/1999 07:29",
		"jscgLoad:expr:asIntegerValueFrom:" : "acg 12/17/1999 07:29",
		"jscgLoad:expr:asKindOf:from:" : "acg 9/19/1999 20:28",
		"jscgLoad:expr:asMemberOf:from:" : "acg 9/19/1999 20:28",
		"jscgLoad:expr:asNamedPtr:from:" : "acg 12/17/1999 07:29",
		"jscgLoad:expr:asNamedPtr:from:andThen:" : "acg 12/17/1999 07:29",
		"jscgLoad:expr:asNonIntegerValueFrom:" : "acg 12/17/1999 07:29",
		"jscgLoad:expr:asRawOopFrom:" : "acg 12/17/1999 07:32",
		"jscgLoad:expr:asUnsignedPtrFrom:andThen:" : "acg 12/17/1999 07:31",
		"jscgLoad:expr:asUnsignedValueFrom:" : "acg 12/17/1999 07:31",
		"jscgLoad:expr:asWBCharPtrFrom:" : "acg 12/17/1999 07:31",
		"jscgLoad:expr:asWBFloatPtrFrom:" : "acg 12/17/1999 07:31",
		"jscgLoad:expr:asWBIntPtrFrom:" : "acg 12/17/1999 07:31",
		"jscgSetBlock:" : "ar 4/4/2006 21:10",
		"jscgTVarBlock:" : "acg 9/19/1999 13:05",
		"jscgValBlock:" : "EstebanLorenzano 12/6/2010 19:19",
		"translationMethodClass" : "tpr 6/9/2003 16:40",
		"var:as:" : "bf 9/30/2014 17:23" } }
