{
	"class" : {
		"beActiveDuring:" : "bf 10/14/2014 13:39",
		"initialize" : "jm 8/19/1998 10:03",
		"isActive" : "bf 9/30/2014 14:43",
		"isActive:" : "bf 9/30/2014 14:45",
		"monticelloDescriptionFor:" : "eem 2/9/2009 22:44",
		"translateAllPluginsIn:" : "bf 11/13/2014 18:40" },
	"instance" : {
		"addAllClassVarsFor:" : "TPR 3/2/2000 11:22",
		"addClass:" : "dtl 3/23/2013 15:46",
		"addClass:selectorPrefix:" : "dtl 1/25/2012 05:18",
		"addClass:upTo:asInstanceVariable:" : "dtl 4/11/2012 21:28",
		"addClassVarsFor:" : "bf 10/6/2014 15:38",
		"addHeaderFile:" : "ar 2/14/1999 01:08",
		"addMacro:for:" : "eem 2/14/2009 09:10",
		"addMethod:" : "",
		"addMethodFor:selector:" : "dtl 5/27/2012 17:42",
		"addMethodsForPrimitives:" : "bf 10/14/2014 15:45",
		"addPoolVarsFor:" : "bf 10/6/2014 15:38",
		"builtin:" : "dtl 7/2/2008 16:46",
		"cCodeForMethod:" : "",
		"checkAbstractMethods" : "dtl 6/17/2012 23:05",
		"checkClassForNameConflicts:" : "dtl 4/11/2012 20:36",
		"checkDeleteVariable:" : "eem 2/12/2009 13:44",
		"checkForGlobalUsage:in:" : "",
		"checkNonPointer:op:" : "bf 11/12/2014 11:01",
		"codeString" : "ikp 9/26/97 14:48",
		"collectInlineList" : "dtl 6/7/2008 16:57",
		"compileToJSMethodSelector:in:" : "eem 2/12/2009 10:50",
		"currentMethod" : "eem 7/2/2008 16:01",
		"currentMethod:" : "eem 7/2/2008 16:01",
		"declareMethodsStatic" : "dtl 8/21/2011 17:25",
		"declareMethodsStatic:" : "dtl 8/21/2011 17:26",
		"declareModuleName:" : "bf 10/1/2014 13:10",
		"declareVar:type:" : "eem 2/11/2009 08:52",
		"doBasicInlining:" : "dtl 6/23/2012 13:52",
		"doInlining:" : "dtl 8/21/2011 21:12",
		"emitBuiltinConstructAsArgumentFor:on:level:" : "2/7/08 14:57",
		"emitBuiltinConstructFor:on:level:" : "",
		"emitDefineBytesPerWordOn:" : "dtl 4/23/2011 13:21",
		"emitDefineMemoryAccessInImageOn:" : "dtl 4/6/2010 00:15",
		"emitExportsOn:" : "tpr 1/10/2003 16:17",
		"emitGlobalStructFlagOn:" : "ikp 9/10/2003 05:53",
		"emitJSCodeOn:doAssertions:" : "bf 10/1/2014 13:21",
		"emitJSCodeOn:doInlining:doAssertions:" : "dtl 1/28/2007 14:10",
		"emitJSConstantsOn:" : "bf 10/6/2014 15:40",
		"emitJSExpression:on:" : "bf 11/3/2014 13:22",
		"emitJSHeaderOn:" : "bf 10/6/2014 15:34",
		"emitJSTestBlock:on:" : "bf 10/6/2014 15:38",
		"emitJSTypesOn:" : "eem 2/11/2009 22:54",
		"emitJSVariablesOn:" : "bf 10/6/2014 12:44",
		"emitVmmVersionOn:" : "bf 10/5/2014 15:34",
		"exportedPrimitiveNames" : "dtl 2/5/2007 07:45",
		"fileHeaderVersionStampForSourceClass:" : "bf 10/1/2014 11:15",
		"generateAddressOf:on:indent:" : "bf 10/1/2014 14:09",
		"generateAnd:on:indent:" : "bf 10/1/2014 14:09",
		"generateAsFloat:on:indent:" : "bf 10/5/2014 23:01",
		"generateAsInteger:on:indent:" : "bf 10/5/2014 21:36",
		"generateAsSymbol:on:indent:" : "bf 10/6/2014 15:41",
		"generateAsUnsignedInteger:on:indent:" : "bf 10/1/2014 14:26",
		"generateAt:on:indent:" : "bf 11/12/2014 18:15",
		"generateAtPut:on:indent:" : "bf 11/13/2014 18:48",
		"generateBaseHeaderSize:on:indent:" : "bf 10/1/2014 14:27",
		"generateBetweenAnd:on:indent:" : "bf 10/1/2014 14:27",
		"generateBitAnd:on:indent:" : "bf 10/1/2014 14:27",
		"generateBitClear:on:indent:" : "bf 10/1/2014 14:27",
		"generateBitInvert32:on:indent:" : "bf 10/1/2014 14:27",
		"generateBitOr:on:indent:" : "bf 10/1/2014 14:27",
		"generateBitShift:on:indent:" : "bf 11/11/2014 18:29",
		"generateBitXor:on:indent:" : "bf 10/1/2014 14:27",
		"generateByteAtPointer:on:indent:" : "bf 10/6/2014 01:43",
		"generateByteSizeOf:on:indent:" : "bf 10/5/2014 18:07",
		"generateBytesPerWord:on:indent:" : "bf 10/1/2014 14:27",
		"generateCCoercion:on:indent:" : "bf 11/12/2014 17:43",
		"generateCDigitCopy:on:indent:" : "bf 10/4/2014 14:55",
		"generateDeadCode" : "ar 7/8/2003 11:26",
		"generateDeadCode:" : "ar 7/8/2003 11:26",
		"generateDivide:on:indent:" : "bf 11/12/2014 11:22",
		"generateDoWhileFalse:on:indent:" : "dtl 11/9/2006 06:24",
		"generateDoWhileTrue:on:indent:" : "dtl 11/9/2006 06:24",
		"generateDstLongAt:on:indent:" : "bf 10/6/2014 14:36",
		"generateDstLongAtPut:on:indent:" : "bf 10/6/2014 14:36",
		"generateEqual:on:indent:" : "bf 10/6/2014 15:20",
		"generateFetchClassOf:on:indent:" : "bf 10/5/2014 16:46",
		"generateFirstIndexableField:on:indent:" : "bf 11/12/2014 18:04",
		"generateGreaterThan:on:indent:" : "bf 10/1/2014 14:28",
		"generateGreaterThanOrEqual:on:indent:" : "bf 10/1/2014 14:28",
		"generateIdentityUnary:on:indent:" : "bf 10/3/2014 17:25",
		"generateIfFalse:on:indent:" : "bf 10/6/2014 14:02",
		"generateIfFalseAsArgument:on:indent:" : "bf 10/1/2014 14:26",
		"generateIfFalseIfTrue:on:indent:" : "bf 10/1/2014 14:28",
		"generateIfFalseIfTrueAsArgument:on:indent:" : "bf 10/1/2014 14:28",
		"generateIfTrue:on:indent:" : "bf 10/1/2014 14:29",
		"generateIfTrueAsArgument:on:indent:" : "bf 10/1/2014 14:29",
		"generateIfTrueIfFalse:on:indent:" : "bf 10/1/2014 14:29",
		"generateIfTrueIfFalseAsArgument:on:indent:" : "bf 10/1/2014 14:29",
		"generateInlineCCode:on:indent:" : "bf 10/1/2014 18:35",
		"generateInlineCCodeAsArgument:on:indent:" : "bf 10/1/2014 18:42",
		"generateInlineCPreprocessorDirective:on:indent:" : "bf 10/1/2014 14:30",
		"generateInlineCppDirective:on:indent:" : "bf 10/1/2014 14:30",
		"generateInlineCppIfDef:on:indent:" : "bf 10/6/2014 00:37",
		"generateInlineCppIfDefElse:on:indent:" : "bf 10/6/2014 00:37",
		"generateInlineCppIfElse:on:indent:" : "bf 10/1/2014 14:30",
		"generateInlineDirective:on:indent:" : "bf 10/1/2014 14:31",
		"generateInstanceSizeOf:on:indent:" : "bf 10/5/2014 16:44",
		"generateIntAtPointer:on:indent:" : "bf 10/6/2014 01:13",
		"generateIntegerObjectOf:on:indent:" : "bf 10/1/2014 14:38",
		"generateIntegerValueOf:on:indent:" : "bf 10/1/2014 14:39",
		"generateInterpreterProxyCall:on:indent:" : "bf 10/4/2014 13:11",
		"generateIsFloatObject:on:indent:" : "bf 10/5/2014 21:48",
		"generateIsIntegerObject:on:indent:" : "bf 10/1/2014 14:39",
		"generateIsNil:on:indent:" : "bf 10/6/2014 13:04",
		"generateJSCodeForCcode:on:indent:" : "bf 11/3/2014 12:27",
		"generateLessThan:on:indent:" : "bf 10/1/2014 14:38",
		"generateLessThanOrEqual:on:indent:" : "bf 10/1/2014 14:38",
		"generateLoadPointInt:on:indent:" : "bf 11/12/2014 16:11",
		"generateLoadPointShort:on:indent:" : "bf 11/12/2014 16:11",
		"generateLong32At:on:indent:" : "bf 10/6/2014 14:42",
		"generateMakeUnsignedFrom:on:indent:" : "bf 11/12/2014 16:27",
		"generateMath:on:indent:" : "bf 11/3/2014 12:43",
		"generateMax:on:indent:" : "bf 10/1/2014 14:06",
		"generateMin:on:indent:" : "bf 10/1/2014 14:06",
		"generateMinus:on:indent:" : "bf 10/3/2014 02:13",
		"generateModulo:on:indent:" : "bf 10/4/2014 14:06",
		"generateNegated:on:indent:" : "bf 10/1/2014 14:08",
		"generateNot:on:indent:" : "bf 10/6/2014 14:26",
		"generateNotEqual:on:indent:" : "bf 10/6/2014 15:16",
		"generateNotNil:on:indent:" : "bf 10/6/2014 13:04",
		"generateOopForPointer:on:indent:" : "bf 10/6/2014 01:59",
		"generateOr:on:indent:" : "bf 10/1/2014 14:40",
		"generatePerform:on:indent:" : "bf 10/1/2014 14:40",
		"generatePlus:on:indent:" : "bf 11/12/2014 11:09",
		"generatePointerPlus:type:on:indent:" : "bf 11/13/2014 18:49",
		"generatePreDecrement:on:indent:" : "bf 10/3/2014 02:12",
		"generatePreIncrement:on:indent:" : "bf 10/3/2014 02:12",
		"generateRaisedTo:on:indent:" : "bf 10/1/2014 14:42",
		"generateRepeat:on:indent:" : "bf 10/1/2014 14:42",
		"generateSequentialAnd:on:indent:" : "bf 10/1/2014 14:43",
		"generateSequentialOr:on:indent:" : "bf 10/1/2014 14:43",
		"generateSharedCodeDirective:on:indent:" : "bf 10/1/2014 14:44",
		"generateShiftLeft:on:indent:" : "bf 10/4/2014 14:12",
		"generateShiftRight:on:indent:" : "bf 10/4/2014 14:12",
		"generateSignedBitShift:on:indent:" : "bf 10/6/2014 14:51",
		"generateSignedIntFromLong:on:indent:" : "bf 10/1/2014 14:45",
		"generateSignedIntFromShort:on:indent:" : "bf 10/1/2014 14:46",
		"generateSignedIntToLong:on:indent:" : "bf 10/1/2014 14:46",
		"generateSignedIntToShort:on:indent:" : "bf 10/1/2014 14:46",
		"generateSizeOfSTArrayFromCPrimitive:on:indent:" : "bf 10/4/2014 13:07",
		"generateSlotSizeOf:on:indent:" : "bf 10/6/2014 11:07",
		"generateSmalltalkMetaError:on:indent:" : "bf 10/1/2014 14:46",
		"generateSrcLongAt:on:indent:" : "bf 10/6/2014 14:36",
		"generateSuperclassOf:on:indent:" : "bf 10/5/2014 16:53",
		"generateTimes:on:indent:" : "bf 10/1/2014 14:47",
		"generateToByDo:on:indent:" : "bf 10/4/2014 14:45",
		"generateToDo:on:indent:" : "bf 10/1/2014 14:48",
		"generateTouch:on:indent:" : "bf 10/1/2014 14:48",
		"generateWhileFalse:on:indent:" : "bf 10/1/2014 14:50",
		"generateWhileFalseLoop:on:indent:" : "acg 12/22/1999 01:41",
		"generateWhileForeverBreakFalseLoop:on:indent:" : "bf 10/1/2014 14:50",
		"generateWhileForeverBreakTrueLoop:on:indent:" : "bf 10/1/2014 14:49",
		"generateWhileTrue:on:indent:" : "bf 10/1/2014 14:50",
		"generateWhileTrueLoop:on:indent:" : "acg 12/22/1999 01:38",
		"globalsAsSet" : "",
		"ifPointerVar:then:" : "bf 11/13/2014 15:55",
		"ignoredMethods" : "bf 10/6/2014 23:48",
		"initialize" : "bf 11/12/2014 15:16",
		"initializeJSTranslationDictionary" : "bf 11/12/2014 15:16",
		"inlineCaseStatementBranchesInMethodNamed:localizingVars:" : "dtl 6/21/2008 12:54",
		"inlineDispatchesInMethodNamed:localizingVars:" : "ar 7/8/2003 11:27",
		"isAssertSelector:" : "eem 7/30/2013 16:26",
		"isBuiltinSelector:" : "eem 7/19/2013 10:32",
		"isGeneratingPluginCode" : "ar 10/7/1998 17:53",
		"isGlobalStructureBuild" : "JMM 11/28/2002 11:52",
		"isJSLiteral:" : "bf 10/6/2014 15:39",
		"isKernelSelector:" : "eem 10/30/2013 11:01",
		"isNonArgumentImplicitReceiverVariableName:" : "eem 2/9/2009 20:41",
		"isOneBasedArray:in:" : "bf 10/4/2014 12:39",
		"isPointer:" : "bf 11/12/2014 11:03",
		"isPointerToStructVariableName:" : "eem 12/15/2008 18:38",
		"isTypePointerToStruct:" : "eem (auto rename) 12/15/2008 18:38",
		"jsFunctionNameFor:" : "bf 10/6/2014 15:41",
		"jsLiteralFor:" : "bf 10/6/2014 15:40",
		"localizeGlobalVariables" : "dtl 7/11/2012 20:36",
		"logger" : "eem 7/28/2008 11:51",
		"logger:" : "eem 7/28/2008 11:51",
		"mapVar:asInstanceOf:to:" : "dtl 4/11/2012 18:52",
		"mayInline:" : "",
		"memoryAccessSelectors" : "dtl 7/3/2008 12:16",
		"methodNamed:" : "",
		"methodStatsString" : "ls 10/10/1999 13:55",
		"methodsReferringToGlobal:" : "",
		"methodsThatCanInvoke:" : "",
		"needToGenerateHeader:file:contents:" : "eem 3/19/2009 10:53",
		"nilOrBooleanConstantReceiverOf:" : "ar 7/8/2003 11:16",
		"oneBasedArrays" : "bf 10/4/2014 12:17",
		"oneBasedArrays:" : "bf 10/4/2014 12:27",
		"permitMethodPruning" : "dtl 8/21/2011 18:54",
		"permitMethodPruning:" : "dtl 8/21/2011 18:53",
		"prepareMethods" : "dtl 1/22/2012 14:34",
		"prepareMethodsInlined:doAssertions:" : "bf 10/6/2014 11:23",
		"printArray:on:" : "sma 3/3/2000 12:08",
		"printInt:on:" : "bf 10/5/2014 15:31",
		"printUnboundCallWarnings" : "",
		"printUnboundVariableReferenceWarnings" : "",
		"pruneMethods:" : "ar 2/3/2001 17:08",
		"pruneUnreachableMethods" : "tpr 3/2/2004 11:09",
		"pushScope:while:" : "eem 7/2/2008 14:21",
		"removeAssertions" : "ikp 9/26/97 14:50",
		"removeMethodForSelector:" : "eem 4/17/2009 14:40",
		"removeMethodsReferingToGlobals:except:" : "dtl 6/21/2008 09:21",
		"removeVariable:" : "eem 12/22/2010 14:31",
		"renameSelector:as:" : "dtl 8/20/2011 14:32",
		"reportRecursiveMethods" : "",
		"retainMethods:" : "tpr 2/27/2004 18:49",
		"returnPrefixFromVariable:" : "bf 10/7/2014 00:06",
		"selectorReturnsPointerToStruct:" : "eem (auto rename) 12/16/2008 08:46",
		"shortMonticelloDescriptionForClass:" : "eem 2/10/2009 15:05",
		"sortMethods:" : "eem 5/20/2010 20:46",
		"storeCodeOnFile:doInlining:" : "bf 10/1/2014 16:30",
		"storeCodeOnFile:doInlining:doAssertions:" : "bf 10/1/2014 16:30",
		"storeHeaderFor:onFile:" : "dtl 1/8/2012 10:39",
		"storeHeaderOnFile:contents:" : "eem 5/17/2011 12:19",
		"structTargetKindForVariableName:" : "eem 12/11/2010 12:33",
		"translationMethodClass" : "bf 9/30/2014 22:38",
		"typeOfArgument:in:" : "bf 10/2/2014 18:36",
		"typeOfVariable:" : "eem 2/9/2009 20:39",
		"uncheckedAbstractMethods" : "dtl 6/17/2012 23:01",
		"unreachableMethods" : "ar 7/17/1999 15:06",
		"useSymbolicConstants" : "ar 7/8/2003 11:23",
		"useSymbolicConstants:" : "ar 7/8/2003 11:23",
		"var:declareC:" : "eem 7/16/2009 14:07",
		"var:type:" : "tpr 12/29/2005 15:59",
		"var:type:array:" : "bf 10/5/2014 15:30",
		"vmClass" : "eem 2/9/2009 14:51",
		"vmClass:" : "eem (auto rename) 2/9/2009 12:18" } }
