{
	"category" : "VMMakerJS-Translation to JS",
	"classinstvars" : [
		 ],
	"classvars" : [
		"IsActive",
		"UseRightShiftForDivide" ],
	"commentStamp" : "bf 10/4/2014 13:42",
	"instvars" : [
		"translationDict",
		"inlineList",
		"constants",
		"variables",
		"variableDeclarations",
		"scopeStack",
		"methods",
		"macros",
		"preparedMethodList",
		"variablesSetCache",
		"headerFiles",
		"globalVariableUsage",
		"useSymbolicConstants",
		"generateDeadCode",
		"doNotRemoveMethodList",
		"asArgumentTranslationDict",
		"receiverDict",
		"vmClass",
		"currentMethod",
		"logger",
		"declareMethodsStatic",
		"permitMethodPruning",
		"pools",
		"abstractDeclarations",
		"uncheckedAbstractMethods",
		"cCodeTranslationDict",
		"oneBasedArrays" ],
	"name" : "JSCodeGenerator",
	"pools" : [
		 ],
	"super" : "Object",
	"type" : "normal" }
