{
	"class" : {
		 },
	"instance" : {
		"emitJSCodeAsArgumentOn:level:generator:" : "bf 9/30/2014 22:33",
		"emitJSCodeAsExpressionOn:level:generator:" : "bf 9/30/2014 22:33",
		"emitJSCodeAsFunctionCallOn:level:generator:" : "bf 10/6/2014 15:42",
		"emitJSCodeAsPointerDereferenceOn:level:generator:" : "bf 10/6/2014 15:42",
		"emitJSCodeOn:level:generator:" : "bf 9/30/2014 22:33",
		"emitJSPointerArithmetic:on:level:generator:type:top:" : "bf 11/14/2014 00:02",
		"isEqualityTest" : "bf 10/6/2014 13:13",
		"isFloatIn:" : "bf 10/21/2014 11:18",
		"isInterpreterProxyConstant" : "bf 10/5/2014 17:00",
		"isLeafOrFunc" : "bf 11/3/2014 13:21",
		"isPlusOne" : "bf 10/4/2014 14:19",
		"isTimesFour" : "bf 10/6/2014 14:45" } }
