{
	"class" : {
		 },
	"instance" : {
		"doInlining:" : "dtl 8/21/2011 21:16",
		"emitExportsOn:" : "bf 10/1/2014 13:26",
		"emitJSHeaderOn:" : "bf 11/14/2014 00:15",
		"generateCodeStringForPrimitives" : "bf 10/6/2014 15:37",
		"ignoredMethods" : "bf 11/12/2014 17:49",
		"isGeneratingPluginCode" : "ar 10/7/1998 17:54",
		"isTypePointerToStruct:" : "eem 11/7/2009 10:03",
		"localizeGlobalVariables" : "tpr 1/10/2003 16:20",
		"overrideJSTranslationDictionary" : "bf 11/12/2014 15:26",
		"pluginName" : "bf 10/7/2014 00:18",
		"pluginName:" : "bf 11/12/2014 15:26",
		"translatedMethodsB2DPlugin" : "bf 11/12/2014 16:11" } }
