{
	"class" : {
		"fromContext:primitive:parameters:receiver:" : "acg 9/19/1999 11:47" },
	"instance" : {
		"args:" : "acg 9/19/1999 11:19",
		"assign:expression:" : "acg 12/15/1999 06:31",
		"checkSuccessExpr" : "dtl 5/21/2011 21:14",
		"extractPrimitiveDirectives" : "dtl 2/3/2007 11:40",
		"extractSuppressFailureGuardDirective" : "acg 12/18/1999 10:39",
		"fixUpReturnOneStmt:on:" : "TPR 3/1/2000 20:21",
		"fixUpReturns" : "acg 9/18/1999 01:49",
		"fromContext:primitive:parameters:receiver:" : "acg 9/19/1999 11:46",
		"generateFailureGuardOn:" : "acg 12/18/1999 10:47",
		"handlePrimitiveDirective:on:" : "bf 9/30/2014 17:25",
		"isPrimitiveDirectiveSend:" : "bf 9/30/2014 16:47",
		"namedPrimitiveProlog" : "ar 4/4/2006 21:10",
		"nullReturnExpr" : "acg 12/15/1999 05:50",
		"oopVariable:" : "ikp 3/31/2005 14:23",
		"parmSpecs" : "acg 9/19/1999 11:18",
		"pop:thenReturnExpr:" : "acg 12/15/1999 05:55",
		"popExpr:" : "acg 12/15/1999 05:45",
		"primitive:parameters:receiver:" : "dtl 2/3/2007 11:29",
		"primitiveDirectiveWasHandled:on:" : "acg 9/17/1999 22:41",
		"printTempsAndVar:on:" : "TPR 3/2/2000 12:39",
		"rcvrSpec" : "acg 9/19/1999 11:50",
		"recordDeclarations" : "bf 9/30/2014 17:23",
		"removeFinalSelfReturn" : "acg 9/17/1999 18:18",
		"replaceArraySizeMessages" : "TPR 3/2/2000 19:07",
		"replaceSizeMessages" : "acg 9/20/1999 14:04",
		"selectorForCodeGeneration" : "dtl 2/3/2007 11:23",
		"selectorOverride" : "dtl 2/3/2007 11:21",
		"selectorOverride:" : "dtl 2/3/2007 11:21",
		"setSelector:definingClass:args:locals:block:primitive:properties:comment:" : "eem 10/2/2009 11:32",
		"simulatePrologInContext:" : "tpr 6/9/2003 16:38",
		"vmNameString" : "TPR 3/2/2000 16:07" } }
