{
	"class" : {
		"initialize" : "ar 11/18/1999 20:06" },
	"instance" : {
		"addVarsDeclarationsAndLabelsOf:" : "",
		"allCalls" : "",
		"argAssignmentsFor:args:in:" : "",
		"argConversionExprFor:stackIndex:" : "bf 10/5/2014 20:41",
		"args" : "",
		"asInlineNode" : "ar 7/6/2003 20:09",
		"beOneBasedArray:" : "bf 10/3/2014 17:33",
		"bindClassVariablesIn:" : "",
		"bindVariableUsesIn:" : "ar 7/6/2003 20:35",
		"buildCaseStmt:" : "ar 11/19/1999 14:40",
		"checkForCompleteness:in:" : "",
		"checkSuccessExpr" : "bf 10/3/2014 14:09",
		"comment:" : "hg 8/14/2000 15:57",
		"computePossibleSideEffectsIn:" : "",
		"copy" : "ar 7/6/2003 21:40",
		"covertToZeroBasedArrayReferences" : "jm 2/15/98 16:48",
		"declarationAt:" : "eem 3/3/2009 08:59",
		"declarationAt:put:" : "eem 3/3/2009 08:42",
		"declarations" : "",
		"definingClass" : "ar 2/3/2001 17:29",
		"definingClass:" : "ar 2/3/2001 17:29",
		"emitGlobalStructReferenceOn:" : "bf 10/1/2014 13:47",
		"emitInlineOn:level:generator:" : "ikp 6/9/2004 16:15",
		"emitJSCodeOn:generator:" : "bf 11/12/2014 00:38",
		"emitJSCommentOn:" : "hg 8/14/2000 16:09",
		"emitJSFunctionHeader:generator:" : "bf 10/1/2014 13:34",
		"emitJSFunctionHeader:generator:newlineBeforeName:" : "bf 10/6/2014 15:41",
		"emitJSHeaderOn:generator:" : "bf 10/7/2014 00:25",
		"emitJSSpecialOn:level:generator:" : "bf 11/13/2014 10:18",
		"emitProxyFunctionPrototype:generator:" : "bf 10/6/2014 15:42",
		"endsWithReturn" : "",
		"exitVar:label:" : "",
		"export" : "jm 11/24/1998 09:03",
		"extractDirective:valueBlock:default:" : "eem 12/15/2008 09:52",
		"extractExpandCaseDirective" : "eem 9/20/2008 18:26",
		"extractExportDirective" : "dtl 9/19/2010 12:19",
		"extractInlineDirective" : "dtl 9/19/2010 13:20",
		"extractLabelDirective" : "eem 11/18/2008 12:44",
		"extractSharedCase" : "ar 7/7/2003 00:56",
		"extractStaticDirective" : "dtl 7/4/2012 10:58",
		"fetchRcvrExpr" : "ar 4/4/2006 21:15",
		"fixUpReturns:postlog:" : "bf 10/3/2014 14:07",
		"freeVariableReferences" : "bf 10/14/2014 15:07",
		"globalStructureBuildMethodHasFoo" : "jm 11/24/1998 09:03",
		"globalStructureBuildMethodHasFoo:" : "",
		"hasDoNotGenerateStatement" : "dtl 8/25/2011 22:37",
		"hasNoCCode" : "",
		"hasReturn" : "",
		"inlineCaseStatementBranchesIn:localizingVars:" : "dtl 8/17/2008 18:46",
		"inlineCodeOrNilForStatement:in:" : "",
		"inlineFunctionCall:in:" : "dtl 6/3/2010 00:31",
		"inlineSend:directReturn:exitVar:in:" : "ikp 6/9/2004 16:15",
		"inlineableFunctionCall:in:" : "",
		"inlineableSend:in:" : "",
		"instVarGetExprFor:offset:" : "bf 10/5/2014 20:42",
		"instVarPutExprFor:offset:" : "TPR 3/2/2000 16:13",
		"isAssertion" : "ikp 9/26/97 14:50",
		"isComplete" : "",
		"isFunctional" : "",
		"isOneBasedArray:" : "bf 10/4/2014 12:22",
		"isStaticIn:" : "dtl 8/21/2011 17:43",
		"isSubstitutableNode:" : "ar 5/9/2000 12:13",
		"isSubstitutableNode:intoMethod:in:" : "",
		"labels" : "ar 5/9/2000 12:13",
		"locals" : "ar 5/9/2000 12:13",
		"mapReceiversIn:" : "dtl 1/22/2012 19:38",
		"maySubstituteGlobal:in:" : "",
		"newCascadeTempFor:" : "eem 10/2/2009 12:01",
		"nodeCount" : "",
		"oneBasedArrays" : "bf 10/4/2014 12:33",
		"parseTree" : "",
		"parseTree:" : "",
		"popArgsExpr:" : "TPR 3/2/2000 16:13",
		"prepareMethodIn:" : "dtl 1/15/2014 21:55",
		"preparePrimitiveName" : "ar 2/3/2001 17:33",
		"preparePrimitivePrologueShared:assigned:" : "bf 10/14/2014 15:42",
		"primitive" : "jm 2/12/98 11:56",
		"printOn:" : "TPR 3/2/2000 18:36",
		"printTempsAndVar:on:" : "TPR 2/29/2000 18:45",
		"recordDeclarations" : "dtl 9/19/2010 17:26",
		"referencesGlobalStructIncrementBy:" : "",
		"referencesGlobalStructMakeZero" : "",
		"removeAssertions" : "ikp 9/26/97 14:50",
		"removeFinalSelfReturn" : "jm 12/14/1998 08:35",
		"removeUnusedTemps" : "ar 7/8/2003 11:20",
		"renameLabelsForInliningInto:" : "jm 12/13/1998 10:06",
		"renameLabelsUsing:" : "",
		"renameSelector:as:" : "dtl 8/20/2011 14:28",
		"renameVariablesUsing:" : "dtl 6/23/2012 10:32",
		"renameVarsForCaseStmt" : "jm 12/13/1998 10:07",
		"renameVarsForInliningInto:in:" : "jm 12/13/1998 10:07",
		"replaceNodesIn:" : "ar 7/6/2003 21:31",
		"replaceSizeMessages" : "bf 10/3/2014 13:42",
		"returnType" : "",
		"returnType:" : "eem 8/1/2008 10:34",
		"selector" : "",
		"selector:" : "",
		"selectorForCodeGeneration" : "dtl 12/21/2008 14:55",
		"setSelector:definingClass:args:locals:block:primitive:properties:comment:" : "dtl 9/19/2010 14:58",
		"setSelector:returnType:args:locals:declarations:primitive:parseTree:labels:complete:" : "jm 2/12/98 11:55",
		"sharedCase" : "ar 7/6/2003 21:18",
		"sharedCase:" : "ar 7/6/2003 21:41",
		"sharedLabel" : "ar 7/6/2003 21:18",
		"sharedLabel:" : "ar 7/6/2003 21:40",
		"statements" : "",
		"statementsFor:varName:" : "TPR 2/29/2000 18:47",
		"statementsListsForInlining" : "nk 4/5/2005 20:37",
		"static:" : "eem 2/10/2009 13:53",
		"tryToInlineMethodsIn:" : "jm 12/13/1998 10:07",
		"unusedLabelForInliningInto:" : "",
		"unusedNamePrefixedBy:avoiding:" : "",
		"variablesAssignedTo" : "",
		"vmNameString" : "bf 10/3/2014 13:35" } }
